City_ID,City,Lat,Lng,Max Temp,Humidity,Cloudiness,Wind Speed,Country,Date
0,port-aux-francais,-49.35,70.2167,4.96,78,53,8.96,TF,1704902506
1,ribeira grande,38.5167,-28.7,16.22,94,75,8.23,PT,1704902032
2,blackmans bay,-43.0167,147.3167,15.07,65,0,3.38,AU,1704902024
3,anadyr,64.75,177.4833,-27.72,82,0,5.0,RU,1704902071
4,waitangi,-43.9535,-176.5597,14.34,72,83,2.24,NZ,1704902024
5,chonchi,-42.6128,-73.8092,14.62,44,7,3.03,CL,1704902084
6,afaahiti,-17.75,-149.2833,24.93,81,93,7.29,PF,1704902508
7,tsiombe,-25.3,45.4833,26.31,75,67,5.25,MG,1704902034
8,yangquan,37.8575,113.5633,1.23,41,0,5.54,CN,1704902510
9,san martin de valdeiglesias,40.3623,-4.3439,7.77,84,100,1.94,ES,1704902511
10,samba,32.5667,75.1167,15.08,30,0,1.3,IN,1704902511
11,clearwater,27.9659,-82.8001,17.21,73,100,4.92,US,1704902512
12,myeik,12.4333,98.6,24.92,78,29,1.76,MM,1704902513
13,avarua,-21.2078,-159.775,26.03,83,20,2.57,CK,1704902040
14,adamstown,-25.066,-130.1015,24.0,86,73,3.66,PN,1704902027
15,lihue,21.9789,-159.3672,17.77,88,0,2.57,US,1704902069
16,iskateley,67.6803,53.1512,-17.21,97,100,3.58,RU,1704902078
17,senise,40.1471,16.2889,7.75,77,100,1.85,IT,1704902513
18,hermanus,-34.4187,19.2345,20.24,74,100,7.72,ZA,1704902032
19,altamira,-3.2033,-52.2064,31.05,66,75,3.6,BR,1704902514
20,el gouna,27.3942,33.6782,22.05,36,0,10.14,EG,1704902516
21,bilibino,68.0546,166.4372,-32.59,99,99,0.7,RU,1704902027
22,ushuaia,-54.8,-68.3,8.79,57,0,10.8,AR,1704902028
23,hailar,49.2,119.7,-17.54,97,97,2.52,CN,1704902095
24,constantia,44.1833,28.65,-1.62,63,2,6.47,RO,1704902448
25,aasiaat,68.7098,-52.8699,-4.22,91,81,5.19,GL,1704902038
26,minas de marcona,-15.2119,-75.1103,21.98,64,85,4.66,PE,1704902070
27,kapuskasing,49.4169,-82.4331,-12.95,85,100,7.72,CA,1704902114
28,yuzhno-kurilsk,44.0306,145.8556,-4.24,86,100,10.36,RU,1704902036
29,hawaiian paradise park,19.5933,-154.9731,22.8,96,0,1.54,US,1704902036
30,strezhevoy,60.7333,77.5889,-15.58,86,100,5.81,RU,1704902517
31,karratha,-20.7377,116.8463,31.36,49,31,8.37,AU,1704902110
32,murray bridge,-35.1167,139.2667,14.08,84,5,3.01,AU,1704902519
33,kodiak,57.79,-152.4072,-2.27,69,100,2.06,US,1704902052
34,lebu,-37.6167,-73.65,15.55,61,0,9.23,CL,1704902035
35,ust'-ilimsk,58.0006,102.6619,-27.06,99,97,2.42,RU,1704902520
36,tharangambadi,11.0319,79.8528,24.75,80,100,4.65,IN,1704902521
37,kontcha,7.9667,12.2333,34.53,7,0,2.08,CM,1704902095
38,lerwick,60.1545,-1.1494,5.0,68,99,6.94,GB,1704902521
39,cabedelo,-6.9811,-34.8339,31.37,64,81,4.66,BR,1704902521
40,puerto natales,-51.7236,-72.4875,13.25,50,75,8.23,CL,1704902028
41,st. john's,47.5649,-52.7093,-3.73,74,75,2.06,CA,1704901988
42,ilica,39.9463,41.1091,-1.04,93,75,1.03,TR,1704902522
43,bredasdorp,-34.5322,20.0403,20.77,68,88,6.33,ZA,1704902032
44,westport,41.1415,-73.3579,10.31,63,75,8.75,US,1704902027
45,puerto santa,-8.9906,-78.6456,24.13,77,39,4.3,PE,1704902522
46,lompoc,34.6391,-120.4579,8.34,69,0,4.92,US,1704902030
47,the dalles,45.5946,-121.1787,4.52,80,75,5.66,US,1704902223
48,akjoujt,19.6969,-14.4164,32.54,7,0,3.08,MR,1704902522
49,bourg-saint-maurice,45.6172,6.769,2.45,93,100,3.31,FR,1704902523
50,altai,46.3722,96.2583,-9.42,72,32,4.3,MN,1704902524
51,grytviken,-54.2811,-36.5092,5.95,94,100,1.0,GS,1704902027
52,madalena,41.2162,-8.3345,13.32,95,100,0.71,PT,1704902109
53,utrik,11.2278,169.8474,26.92,74,97,10.1,MH,1704902042
54,oranjemund,-28.55,16.4333,19.95,80,7,7.0,NA,1704902079
55,tiksi,71.6872,128.8694,-31.69,96,100,6.25,RU,1704902071
56,isafjordur,66.0755,-23.124,8.02,61,75,4.12,IS,1704902071
57,colonia,50.9333,6.95,0.7,51,0,2.06,DE,1704901776
58,olonkinbyen,70.9221,-8.7187,-4.03,90,100,1.46,SJ,1704902023
59,salinas,36.6777,-121.6555,9.48,85,75,3.09,US,1704902525
60,huarmey,-10.0681,-78.1522,24.66,75,98,3.73,PE,1704902089
61,sao tome,0.3365,6.7273,25.02,94,100,6.17,ST,1704902525
62,as sulayyil,20.4607,45.5779,21.14,8,2,3.76,SA,1704902526
63,inarajan village,13.2736,144.7484,26.89,89,82,4.47,GU,1704902526
64,maintirano,-18.0667,44.0167,28.76,76,85,3.64,MG,1704902527
65,namibe,-15.1961,12.1522,23.69,73,61,5.82,AO,1704902527
66,albany,42.6001,-73.9662,7.97,71,98,3.13,US,1704902028
67,ivdel',60.6911,60.4206,-29.43,99,46,1.79,RU,1704902531
68,carmi,38.0909,-88.1587,1.06,73,46,5.21,US,1704902312
69,santa rosa de osos,6.6474,-75.4603,17.26,64,50,2.36,CO,1704902532
70,fortuna,40.5982,-124.1573,10.92,97,100,7.2,US,1704902042
71,acajutla,13.5928,-89.8275,29.35,55,4,2.36,SV,1704902532
72,puerto ayora,-0.7393,-90.3518,27.98,95,14,1.79,EC,1704902030
73,invercargill,-46.4,168.35,18.9,71,62,0.89,NZ,1704902031
74,tolanaro,-25.0319,46.9987,28.04,74,40,9.77,MG,1704902533
75,ilulissat,69.2167,-51.1,7.01,53,75,9.77,GL,1704902029
76,manado,1.487,124.8455,25.43,94,40,1.03,ID,1704902536
77,mili,6.0815,171.735,27.29,76,100,9.77,MH,1704902538
78,hithadhoo,-0.6,73.0833,28.55,73,93,3.28,MV,1704902029
79,fisterra,42.9049,-9.2629,10.97,80,91,8.35,ES,1704902083
80,vorgashor,67.5833,63.95,-36.82,100,95,1.69,RU,1704902032
81,whitehorse,60.7161,-135.0538,-17.57,78,75,4.12,CA,1704902030
82,el granada,37.5027,-122.4694,11.31,91,100,4.12,US,1704902548
83,udomlya,57.8794,34.9925,-10.02,95,100,3.52,RU,1704902554
84,edinburgh of the seven seas,-37.0676,-12.3116,16.48,86,99,5.42,SH,1704902023
85,la'ie,21.6477,-157.9253,22.98,77,1,3.92,US,1704902028
86,wailua homesteads,22.0669,-159.378,17.44,88,0,2.57,US,1704902048
87,hirtshals,57.5881,9.9592,4.11,88,12,6.78,DK,1704902554
88,cannonvale,-20.2833,148.7,25.66,84,85,2.11,AU,1704902555
89,tura,25.5198,90.2201,13.93,49,0,1.36,IN,1704902556
90,jamestown,42.097,-79.2353,1.68,97,100,8.75,US,1704902060
91,bethel,41.3712,-73.414,9.45,65,75,4.63,US,1704902029
92,khandyga,62.6667,135.6,-48.77,99,34,1.05,RU,1704902103
93,enriquillo,17.9,-71.2333,28.82,68,4,5.79,DO,1704902556
94,zeya,53.75,127.2667,-32.51,99,14,1.39,RU,1704902557
95,maues,-3.3836,-57.7186,32.22,55,72,1.7,BR,1704902557
96,diego de almagro,-26.3667,-70.05,25.46,27,3,4.47,CL,1704902557
97,papatowai,-46.5619,169.4708,16.03,70,75,2.13,NZ,1704902035
98,haiku-pauwela,20.9219,-156.3051,21.01,87,0,4.63,US,1704902141
99,santana,-0.0583,-51.1817,29.92,69,99,2.44,BR,1704902558
100,papao,-17.75,-149.55,25.82,77,87,7.78,PF,1704902558
101,port saint john's,-31.6229,29.5448,25.23,92,56,2.86,ZA,1704902559
102,stanley,54.868,-1.6985,4.77,94,75,4.63,GB,1704902033
103,san antonio de pale,-1.4014,5.6325,26.95,77,63,3.88,GQ,1704902092
104,sicuani,-14.2694,-71.2261,17.58,34,49,2.63,PE,1704902123
105,iqaluit,63.7506,-68.5145,-27.15,69,40,1.54,CA,1704902023
106,port macquarie,-31.4333,152.9167,22.16,93,71,3.1,AU,1704902086
107,undurkhaan,47.3194,110.6556,-15.33,79,0,3.77,MN,1704902559
108,ancud,-41.8697,-73.8203,15.7,55,0,2.99,CL,1704902477
109,jayapura,-2.5333,140.7,25.66,90,75,0.89,ID,1704902359
110,sault ste. marie,46.5168,-84.3333,-3.69,70,100,6.69,CA,1704902514
111,vilyuysk,63.7553,121.6247,-38.89,97,100,3.13,RU,1704902098
112,katiola,8.1333,-5.1,36.71,21,7,2.63,CI,1704902560
113,newman,37.3138,-121.0208,4.6,80,12,1.17,US,1704902094
114,touros,-5.1989,-35.4608,30.67,55,2,5.65,BR,1704902124
115,avila,40.5833,-5.0,4.25,95,100,5.63,ES,1704902560
116,aral,40.5156,81.2636,-0.65,40,32,2.45,CN,1704902560
117,ta`u,-14.2336,-169.5144,28.16,75,90,2.79,AS,1704902049
118,yellowknife,62.456,-114.3525,-40.71,66,75,2.57,CA,1704902033
119,oyotun,-6.8519,-79.3036,28.15,54,16,2.96,PE,1704902561
120,urangan,-25.3,152.9,24.0,82,61,2.24,AU,1704902561
121,coquimbo,-29.9533,-71.3436,17.85,77,75,4.63,CL,1704902024
122,ocean city,39.2776,-74.5746,10.66,72,57,4.02,US,1704902290
123,akrehamn,59.2667,5.1833,-3.86,93,0,2.06,NO,1704902561
124,senanga,-16.1167,23.2667,26.31,65,91,0.82,ZM,1704902561
125,lazaro cardenas,17.9583,-102.2,27.36,65,86,0.99,MX,1704902086
126,chinsali,-10.5414,32.0816,19.57,95,100,1.78,ZM,1704902562
127,novoderevyankovskaya,46.3231,38.7472,-1.58,92,73,4.0,RU,1704902562
128,severo-yeniseyskiy,60.3725,93.0408,-31.35,100,23,1.79,RU,1704902096
129,suomussalmi,64.8869,28.9078,0.54,88,100,6.0,FI,1704902563
130,turriff,57.5384,-2.4593,5.03,86,100,4.04,GB,1704902563
131,cooper's town,26.8667,-77.5167,22.12,71,99,6.3,BS,1704902133
132,chibougamau,49.9168,-74.3659,-6.21,86,100,6.17,CA,1704902048
133,sao desiderio,-12.3633,-44.9733,34.06,35,98,2.8,BR,1704902564
134,labasa,-16.4167,179.3833,25.67,90,97,1.99,FJ,1704902564
135,atar,20.5169,-13.0499,34.03,9,0,3.09,MR,1704902564
136,college,64.8569,-147.8028,-17.01,78,75,0.0,US,1704902056
137,suva,-18.1416,178.4415,25.71,94,75,0.0,FJ,1704902502
138,bargaal,11.2864,51.0773,24.27,69,82,7.57,SO,1704902565
139,dahab,28.501,34.5134,21.05,25,0,7.64,EG,1704902565
140,saipan,15.1355,145.701,25.39,88,0,2.57,MP,1704902042
141,talnakh,69.4865,88.3972,-27.25,97,96,3.16,RU,1704902050
142,carauari,-4.8828,-66.8958,30.63,65,99,0.49,BR,1704902565
143,klamath falls,42.2249,-121.7817,-1.75,93,100,4.63,US,1704902566
144,rudnyy,52.9594,63.1206,-25.87,96,93,2.62,KZ,1704902566
145,susuman,62.7833,148.1667,-40.01,100,100,0.45,RU,1704902035
146,imbituba,-28.24,-48.6703,33.25,46,4,2.92,BR,1704902566
147,ronne,55.1009,14.7066,-0.05,100,100,6.17,DK,1704902566
148,barrie,44.4001,-79.6663,1.07,70,100,9.26,CA,1704902482
149,wotje,9.4543,170.2367,27.08,75,100,10.07,MH,1704902566
150,vuktyl,63.8567,57.3094,-29.94,100,100,0.89,RU,1704902567
151,tianshui,34.5439,105.6897,1.12,54,14,2.14,CN,1704902567
152,san angelo,31.4638,-100.437,10.06,39,37,4.02,US,1704902283
153,hamilton,39.1834,-84.5333,2.55,88,100,5.66,US,1704901871
154,punta arenas,-53.15,-70.9167,11.06,58,75,9.26,CL,1704901911
155,hadibu,12.65,54.0333,23.66,79,89,7.44,YE,1704902094
156,russkiy kameshkir,52.8589,46.0892,-26.44,100,34,1.89,RU,1704902567
157,plettenberg bay,-34.0527,23.3716,18.58,96,100,4.37,ZA,1704902567
158,klyuchi,52.2667,79.1667,-1.08,80,100,15.75,RU,1704902059
159,vilyuchinsk,52.9306,158.4028,-18.93,68,100,3.28,RU,1704902094
160,port elizabeth,-33.918,25.5701,21.17,98,75,3.09,ZA,1704901800
161,west island,-12.1568,96.8225,26.99,94,100,4.63,CC,1704902031
162,brookings,44.3114,-96.7984,-7.01,86,100,4.12,US,1704902098
163,port blair,11.6667,92.75,25.02,88,40,1.03,IN,1704902568
164,viedma,-40.8135,-62.9967,24.36,28,0,8.49,AR,1704901861
165,mirabad,30.4362,61.8383,14.95,16,11,3.29,AF,1704902568
166,nemuro,43.3236,145.575,-6.34,62,69,9.59,JP,1704902028
167,mandalgovi,45.7625,106.2708,-12.6,69,3,4.46,MN,1704902097
168,simanggang,1.2472,111.4528,25.01,94,91,0.0,MY,1704902569
169,nova sintra,14.8667,-24.7167,20.98,64,0,5.64,CV,1704902084
170,road town,18.4167,-64.6167,29.05,70,75,3.6,VG,1704902039
171,selfoss,63.9331,-20.9971,5.58,81,100,8.87,IS,1704902054
172,margaret river,-33.95,115.0667,15.59,78,92,6.03,AU,1704902038
173,callaway,30.153,-85.5699,12.17,57,20,4.12,US,1704902569
174,nuuk,64.1835,-51.7216,-1.66,100,100,3.6,GL,1704902078
175,sur,22.5667,59.5289,21.59,53,0,3.01,OM,1704902088
176,varna,43.2167,27.9167,-1.42,69,9,4.63,BG,1704902472
177,pimentel,-6.8367,-79.9342,26.16,73,0,5.66,PE,1704902569
178,sisimiut,66.9395,-53.6735,-4.85,92,100,5.18,GL,1704902106
179,uturoa,-16.7333,-151.4333,27.89,78,93,5.74,PF,1704902089
180,yashkino,55.8736,85.4265,-6.71,92,100,8.29,RU,1704902570
181,miles city,46.4083,-105.8406,-12.46,78,100,9.77,US,1704902038
182,taltal,-25.4,-70.4833,21.87,69,7,4.27,CL,1704902070
183,sovetskaya gavan',48.9723,140.2878,-22.72,86,3,1.79,RU,1704902570
184,georgetown,5.4112,100.3354,28.97,79,20,1.03,MY,1704902331
185,linfen,36.0889,111.5189,2.65,47,0,1.02,CN,1704902571
186,kenai,60.5544,-151.2583,-13.28,88,75,2.06,US,1704902574
187,gadzhiyevo,69.2551,33.3362,-6.29,83,100,10.53,RU,1704902574
188,atafu village,-8.5421,-172.5159,28.99,72,85,4.05,TK,1704902030
189,holualoa,19.6228,-155.9522,21.54,87,33,4.35,US,1704902574
190,sidi akkacha,36.4647,1.3026,14.16,78,77,1.54,DZ,1704902574
191,al kharijah,25.4514,30.5464,15.81,17,0,4.24,EG,1704902089
192,kargopol',61.5071,38.9456,-12.13,95,100,3.41,RU,1704902577
193,sebastopol,44.6,33.5333,-1.67,60,27,0.45,UA,1704902053
194,nova vicosa,-17.8919,-39.3719,32.15,49,82,3.43,BR,1704902578
195,kingston,17.997,-76.7936,28.53,70,75,10.29,JM,1704902026
196,inirida,3.8653,-67.9239,35.86,39,58,0.78,CO,1704902578
197,saldanha,-33.0117,17.9442,27.03,73,17,13.55,ZA,1704902057
198,babolsar,36.7025,52.6576,9.18,80,100,4.07,IR,1704902578
199,telgte,51.9833,7.7833,-0.37,59,0,2.57,DE,1704902503
200,marsh harbour,26.5412,-77.0636,22.32,74,99,6.58,BS,1704902578
201,kongsvinger,60.1905,11.9977,-8.63,96,82,1.52,NO,1704902578
202,saint-joseph,-21.3667,55.6167,26.21,79,69,5.91,RE,1704902041
203,longyearbyen,78.2186,15.6401,-14.09,66,75,6.69,SJ,1704902030
204,banda aceh,5.5577,95.3222,27.74,77,46,6.62,ID,1704902579
205,remire-montjoly,4.9167,-52.2667,31.02,70,75,7.72,GF,1704902112
206,miryang,35.4933,128.7489,0.95,89,28,1.76,KR,1704902579
207,karasuk,53.7377,78.0403,-1.63,87,100,15.43,RU,1704902579
208,port mathurin,-19.6833,63.4167,27.98,78,62,3.94,MU,1704902028
209,sao raimundo das mangabeiras,-7.0219,-45.4811,33.58,44,94,3.47,BR,1704902579
210,fale old settlement,-9.3852,-171.2468,28.86,74,65,4.33,TK,1704902041
211,gedo,9.0167,37.45,17.32,41,100,1.4,ET,1704902580
212,kapa'a,22.0752,-159.319,18.18,88,0,2.57,US,1704902102
213,kavieng,-2.5744,150.7967,28.73,74,57,2.76,PG,1704902580
214,hotan,37.0997,79.9269,-0.85,38,0,0.92,CN,1704902580
215,udachny,66.4167,112.4,-34.2,73,61,1.63,RU,1704902040
216,yelizovo,53.1873,158.3805,-19.0,58,40,3.13,RU,1704902580
217,keflavik,64.0049,-22.5624,7.24,81,75,10.29,IS,1704902041
218,port lincoln,-34.7333,135.8667,17.48,88,5,3.95,AU,1704902031
219,sandnessjoen,66.0217,12.6316,6.06,93,75,3.09,NO,1704902331
220,kalmunai,7.4167,81.8167,24.4,92,100,2.51,LK,1704902581
221,sparti,37.0733,22.4297,7.67,83,13,1.31,GR,1704902581
222,lakhdenpokh'ya,61.5198,30.1992,-1.81,98,100,7.01,RU,1704902581
223,petropavlovsk-kamchatsky,53.0452,158.6483,-19.75,73,40,3.0,RU,1704902581
224,lethem,3.3803,-59.7968,32.82,48,66,6.01,GY,1704902027
225,schweizer-reneke,-27.1887,25.3293,27.76,45,53,4.98,ZA,1704902581
226,candon,17.1947,120.4517,22.94,80,6,2.56,PH,1704902491
227,charleston,32.7766,-79.9309,10.01,61,0,8.23,US,1704902582
228,grand falls-windsor,48.9332,-55.6649,-5.83,65,46,0.89,CA,1704902582
229,madras,13.0878,80.2785,25.99,83,40,2.06,IN,1704902582
230,pinotepa nacional,16.3167,-98.0167,27.51,50,100,1.09,MX,1704902582
231,kovalam,8.3667,76.9967,28.05,78,75,0.0,IN,1704902583
232,nar'yan-mar,67.6713,53.087,-17.16,97,100,3.58,RU,1704902037
233,dudinka,69.4058,86.1778,-26.85,96,70,5.36,RU,1704902583
234,kupang,-10.1667,123.5833,27.46,83,100,3.47,ID,1704902062
235,dalhart,36.0595,-102.5133,3.04,74,0,5.87,US,1704902402
236,ola,59.5833,151.2833,-24.14,88,99,2.89,RU,1704902048
237,badger,64.8,-147.5333,-17.05,85,100,0.0,US,1704902098
238,horizontina,-27.6258,-54.3078,30.34,57,100,2.43,BR,1704902584
239,lanciano,42.2167,14.3882,5.81,84,100,2.26,IT,1704902585
240,kerikeri,-35.2268,173.9474,17.63,93,79,2.68,NZ,1704902100
241,muynoq,43.7683,59.0214,-1.72,54,76,3.84,UZ,1704902586
242,anshun,26.25,105.9333,7.3,92,100,2.81,CN,1704902586
243,carnarvon,-24.8667,113.6333,23.65,80,2,9.32,AU,1704902096
244,qarazhal,48.0078,70.7903,-12.64,89,78,7.86,KZ,1704902093
245,vila franca do campo,37.7167,-25.4333,19.23,99,100,12.74,PT,1704902048
246,vetluga,57.8557,45.781,-20.9,99,76,2.94,RU,1704902587
247,aykhal,66.0,111.5,-34.16,100,90,2.14,RU,1704902037
248,isangel,-19.55,169.2667,25.78,82,78,2.71,VU,1704902053
249,klaksvik,62.2266,-6.589,5.51,75,7,2.06,FO,1704902588
250,cabo san lucas,22.8909,-109.9124,19.31,51,100,1.59,MX,1704902401
251,columbia falls,48.3725,-114.1815,-0.55,71,75,1.54,US,1704902588
252,otjimbingwe,-22.35,16.1333,30.93,14,27,8.33,NA,1704902588
253,rio rancho,35.2334,-106.6645,2.97,50,0,3.13,US,1704902236
254,oyem,1.5995,11.5793,22.5,85,94,1.31,GA,1704902589
255,wagoner,35.9595,-95.3694,3.95,68,1,7.0,US,1704902590
256,vila velha,-20.3297,-40.2925,30.97,72,20,9.26,BR,1704902590
257,laojunmiao,39.8333,97.7333,-1.96,17,11,1.61,CN,1704902071
258,les cayes,18.2,-73.75,28.3,64,3,5.1,HT,1704902590
259,sinabang,2.4803,96.3801,26.32,83,100,1.1,ID,1704902058
260,hami,42.8,93.45,-5.92,66,1,2.26,CN,1704902591
261,martuk,50.7475,56.5056,-17.66,94,100,2.44,KZ,1704902592
262,loango,-4.6719,11.8312,28.81,79,75,3.6,CG,1704902592
263,camocim,-2.9022,-40.8411,31.85,58,45,7.17,BR,1704902593
264,lata,40.1629,-8.3327,12.82,88,97,2.32,PT,1704902071
265,sitka,57.0531,-135.33,-0.06,55,75,2.06,US,1704902051
266,la passe,45.5549,-0.8967,0.13,62,92,3.19,FR,1704902029
267,keta,5.9179,0.9879,33.12,72,6,7.1,GH,1704902594
268,qaqortoq,60.7167,-46.0333,0.59,89,100,3.04,GL,1704902041
269,yeppoon,-23.1333,150.7333,25.88,77,80,4.79,AU,1704902142
270,sidi ifni,29.3797,-10.173,26.86,55,6,1.77,MA,1704902366
271,madang,-5.2246,145.7966,25.51,91,100,1.85,PG,1704902594
272,ust-nera,64.5667,143.2,-45.08,97,84,1.3,RU,1704902050
273,kampong chhnang,12.1667,104.55,26.67,63,92,0.54,KH,1704902597
274,ximeicun,24.9639,118.3794,9.91,97,1,1.09,CN,1704902599
275,bijar,35.8668,47.6051,0.47,95,95,3.04,IR,1704902599
276,peace river,56.2501,-117.286,-26.3,86,100,3.09,CA,1704902600
277,nakamura,32.9833,132.9333,3.16,98,33,1.84,JP,1704902600
278,saint-pierre,-21.3393,55.4781,26.82,74,0,9.26,RE,1704902053
279,dhuusamarreeb,5.535,46.3861,28.63,30,0,4.56,SO,1704902600
280,weno,7.4515,151.8468,28.2,70,100,8.93,FM,1704902027
281,mar del plata,-38.0023,-57.5575,21.64,55,0,6.17,AR,1704902450
282,quellon,-43.1167,-73.6167,17.36,45,0,3.93,CL,1704902601
283,ciudad guayana,8.3533,-62.6528,28.07,82,97,3.58,VE,1704902602
284,ploneour-lanvern,47.9,-4.2833,2.18,69,100,4.63,FR,1704902603
285,dawesville,30.9224,-84.0091,9.53,60,0,3.6,US,1704902605
286,las heras,-46.5419,-68.9359,18.21,23,100,6.4,AR,1704902479
287,codrington,-38.2667,141.9667,13.91,96,3,2.13,AU,1704902048
288,khadan khak,30.7477,67.7085,6.83,29,0,2.9,PK,1704902605
289,piti village,13.4626,144.6933,27.03,88,20,2.57,GU,1704902606
290,labrador city,52.9463,-66.9114,-18.05,71,100,4.12,CA,1704902606
291,jeddah,21.5169,39.2192,27.92,57,33,2.57,SA,1704902391
292,olinda,-8.0089,-34.8553,30.85,62,75,6.17,BR,1704902501
293,yoloten,37.2989,62.3597,10.2,57,100,2.77,TM,1704902479
294,nacala,-14.5428,40.6728,27.52,77,100,3.06,MZ,1704902607
295,firuzabad,28.8438,52.5707,9.65,24,6,0.98,IR,1704902037
296,bulgan,48.8125,103.5347,-18.99,76,0,1.98,MN,1704902607
297,nantucket,41.2835,-70.0995,11.08,82,100,11.32,US,1704902070
298,inhambane,-23.865,35.3833,29.99,74,40,3.09,MZ,1704902114
299,bel ombre,-4.6167,55.4167,28.91,70,20,5.66,SC,1704902608
300,san fernando,15.0286,120.6898,25.85,86,65,2.46,PH,1704902608
301,kasongo-lunda,-6.4667,16.8167,29.05,66,99,1.32,CD,1704902609
302,queenstown,-31.8976,26.8753,21.42,66,58,3.58,ZA,1704902040
303,tobelo,1.7284,128.0095,26.79,83,100,1.92,ID,1704902609
304,beira,-19.8436,34.8389,31.05,70,75,6.17,MZ,1704902610
305,tanjungbalai,2.9667,99.8,23.92,96,73,1.35,ID,1704902610
306,sant lluis,39.8526,4.2594,11.22,87,40,0.0,ES,1704902616
307,thompson,55.7435,-97.8558,-25.91,76,100,3.6,CA,1704902031
308,tinghir,31.5157,-5.5343,17.81,17,0,1.67,MA,1704902617
309,tangalle,6.024,80.7911,24.09,93,100,6.21,LK,1704902147
310,laguna,38.421,-121.4238,8.49,93,100,5.14,US,1704902617
311,shabqadar,34.2139,71.5552,10.12,23,2,2.64,PK,1704902617
312,zahirabad,17.6833,77.6167,23.96,40,100,2.92,IN,1704902617
313,lubango,-14.9172,13.4925,23.92,53,100,1.54,AO,1704902617
314,ambon,-3.6954,128.1814,27.08,89,40,2.06,ID,1704902024
315,richards bay,-28.783,32.0377,23.92,92,99,3.87,ZA,1704902148
316,cidreira,-30.1811,-50.2056,26.81,78,29,5.65,BR,1704902050
317,qandala,11.472,49.8728,23.88,76,36,5.63,SO,1704902617
318,hasaki,35.7333,140.8333,4.22,60,100,11.24,JP,1704902147
319,pacific grove,36.6177,-121.9166,9.25,78,100,3.09,US,1704902618
320,northam,51.0333,-4.2167,4.78,75,57,7.06,GB,1704902618
321,villamontes,-21.25,-63.5,36.69,47,27,0.0,BO,1704902618
322,lockwood,45.8191,-108.4149,-1.06,68,100,4.63,US,1704902618
323,aguilar de campoo,42.7945,-4.2589,2.31,98,97,2.23,ES,1704902618
324,alice springs,-23.7,133.8833,30.68,20,40,2.24,AU,1704902035
325,bastrop,32.7562,-91.8724,6.51,67,0,2.06,US,1704902618
326,el obeid,13.1842,30.2167,27.41,27,0,5.15,SD,1704902619
327,brisas de zicatela,15.8369,-97.0419,29.29,74,75,1.54,MX,1704902619
328,orapa,-21.2833,25.3667,26.58,55,100,2.3,BW,1704902619
329,mount isa,-20.7333,139.5,26.87,83,84,0.0,AU,1704902072
330,jackson,42.4165,-122.8345,3.17,92,100,2.06,US,1704902583
331,hammerfest,70.6634,23.6821,-2.75,74,75,6.17,NO,1704902619
332,rurrenabaque,-14.4413,-67.5278,30.83,79,100,0.0,BO,1704902619
333,letterkenny,54.95,-7.7333,4.96,88,24,1.82,IE,1704902620
334,cascais,38.6979,-9.4215,16.39,77,20,4.47,PT,1704902620
335,namtsy,62.7161,129.6658,-46.69,100,97,0.98,RU,1704902620
336,borogontsy,62.6683,131.1683,-43.14,99,86,1.98,RU,1704902620
337,punta alta,-38.8759,-62.0736,27.04,28,20,3.01,AR,1704902620
338,whangarei,-35.7317,174.3239,16.36,97,29,1.86,NZ,1704902500
339,kachkanar,58.7,59.4948,-34.89,99,46,2.31,RU,1704902620
340,tazovsky,67.4667,78.7,-28.46,99,91,4.08,RU,1704902059
341,posse,-14.0931,-46.3694,28.81,52,99,0.78,BR,1704902620
342,miguel ahumada,30.6167,-106.5167,7.94,13,20,2.06,MX,1704902621
343,diu,20.7141,70.9822,23.56,65,0,2.05,IN,1704902621
344,smithers,54.7804,-127.1743,-11.82,85,100,0.0,CA,1704902016
345,port alfred,-33.5906,26.891,21.09,90,100,4.44,ZA,1704902088
346,berdigestyakh,62.0989,126.6992,-40.41,100,97,1.58,RU,1704902621
347,yaren,-0.5472,166.916,28.62,79,100,4.24,NR,1704902099
348,magadan,59.5667,150.8,-23.45,83,99,2.82,RU,1704902622
349,akureyri,65.6835,-18.0878,3.96,70,20,4.12,IS,1704902623
350,cururupu,-1.8283,-44.8683,32.6,53,36,3.42,BR,1704902089
351,tizimin,21.15,-88.15,25.04,55,79,3.75,MX,1704902623
352,nouadhibou,20.931,-17.0347,30.99,13,0,1.03,MR,1704902080
353,naze,28.3667,129.4833,13.51,57,99,14.82,JP,1704902623
354,east london,-33.0153,27.9116,22.52,88,100,1.54,ZA,1704902053
355,morehead city,34.7229,-76.726,10.58,59,6,4.47,US,1704902624
356,middelburg,-25.7751,29.4648,25.31,50,80,3.12,ZA,1704902528
357,bucerias,20.75,-105.3333,23.32,64,100,0.0,MX,1704902579
358,waingapu,-9.6567,120.2641,28.1,73,15,3.06,ID,1704902624
359,bull savanna,17.8868,-77.5902,26.36,76,77,7.04,JM,1704902624
360,kamloops,50.6665,-120.3192,-2.45,54,100,8.23,CA,1704902383
361,esikhaleni,-28.871,31.8996,23.7,96,91,2.37,ZA,1704902624
362,flying fish cove,-10.4217,105.6791,26.82,89,100,2.57,CX,1704902624
363,khabarovsk,48.4808,135.0928,-25.11,84,0,2.0,RU,1704902624
364,toba,34.4833,136.85,6.16,71,100,3.13,JP,1704902624
365,nishinoomote,30.7333,131.0,13.03,65,63,12.25,JP,1704902625
366,geraldton,-28.7667,114.6,21.23,83,100,6.69,AU,1704902625
367,crane,31.3974,-102.3501,8.56,20,20,5.34,US,1704901913
368,kone,-21.0595,164.8658,24.09,88,91,2.02,NC,1704902059
369,buka,40.8108,69.1986,10.01,48,100,3.1,UZ,1704902625
370,ar ruways,24.1103,52.7306,20.48,56,26,2.93,AE,1704902625
371,gemena,3.25,19.7667,33.13,22,50,1.58,CD,1704902625
372,nyala,12.05,24.8833,28.05,17,0,3.68,SD,1704902625
373,kismayo,-0.3582,42.5454,26.49,77,40,6.32,SO,1704902626
374,dzuunharaa,48.8523,106.4579,-16.89,98,89,1.19,MN,1704902626
375,galappo,-4.2667,35.85,19.9,85,100,0.04,TZ,1704902626
376,novyy urgal,51.0736,132.5642,-34.85,100,26,0.9,RU,1704902626
377,poyang,28.9924,116.6675,9.99,49,0,3.48,CN,1704902626
378,shalqar,47.8333,59.6,-12.12,80,84,5.63,KZ,1704902626
379,butembo,0.15,29.2833,18.61,71,99,1.19,CD,1704902626
380,kawm hamadah,30.761,30.6973,14.02,72,54,4.16,EG,1704902626
381,marchena,37.329,-5.4168,14.75,77,56,0.56,ES,1704902627
382,labytnangi,66.6572,66.4183,-28.03,98,98,3.06,RU,1704902052
383,mitu,1.1983,-70.1733,28.58,64,97,1.21,CO,1704902079
384,lospalos,-8.5186,127.0025,23.73,92,100,0.84,TL,1704902627
385,cidade velha,14.9167,-23.6167,28.26,51,20,8.23,CV,1704902627
386,yoko,5.5333,12.3167,31.6,13,0,0.72,CM,1704902627
387,nadi,-17.8,177.4167,26.0,89,75,0.0,FJ,1704902028
388,gamba,-2.65,10.0,26.52,81,99,2.97,GA,1704902627
389,kadiri,14.1167,78.1667,22.59,63,100,3.12,IN,1704902628
390,revda,56.801,59.9303,-30.34,98,89,3.66,RU,1704902628
391,mossel bay,-34.1831,22.146,21.96,84,100,1.88,ZA,1704902628
392,helong,42.5397,128.9972,-8.32,60,29,2.6,CN,1704902628
393,krasnovishersk,60.4078,57.082,-27.02,99,100,0.57,RU,1704902628
394,kirkwall,58.9848,-2.9587,6.03,81,75,5.66,GB,1704902629
395,awjilah,29.1081,21.2869,16.68,50,56,2.76,LY,1704902629
396,bikenibeu village,1.3673,173.1241,27.98,83,40,2.06,KI,1704902629
397,shache,38.4167,77.2406,-0.16,43,10,2.79,CN,1704902629
398,la mira,18.035,-102.3266,27.38,63,92,0.79,MX,1704902630
399,zalari,53.5584,102.5065,-23.59,100,98,1.79,RU,1704902630
400,laminusa,5.5549,120.9136,27.76,78,48,2.56,PH,1704902630
401,illizi,26.4833,8.4667,25.89,10,93,2.84,DZ,1704902630
402,kahriz,34.3838,47.0553,7.04,61,75,6.17,IR,1704902631
403,auki,-8.7676,160.7034,27.65,76,92,0.77,SB,1704902631
404,keetmanshoop,-26.5833,18.1333,32.32,14,8,8.3,NA,1704902631
405,kenora,49.8167,-94.4337,-10.46,92,100,3.6,CA,1704902631
406,porto novo,6.4965,2.6036,31.9,63,9,5.34,BJ,1704902079
407,luderitz,-26.6481,15.1594,22.17,63,0,11.51,NA,1704902088
408,enewetak,11.3474,162.3373,27.21,80,43,10.33,MH,1704902631
409,garoua boulai,5.8833,14.55,31.42,14,4,1.47,CM,1704902632
410,ambovombe,-25.1667,46.0833,28.26,66,28,4.25,MG,1704902632
411,mahriz,31.5917,54.4318,13.28,8,0,5.16,IR,1704902632
412,kavaratti,10.5669,72.642,28.36,75,98,4.66,IN,1704902114
413,carutapera,-1.195,-46.02,31.16,60,33,4.11,BR,1704902632
414,batticaloa,7.7102,81.6924,24.14,92,100,2.23,LK,1704902632
415,whakatane,-37.9585,176.9854,18.82,86,100,0.89,NZ,1704902632
416,hambuhren,52.6333,9.9833,-2.14,66,0,3.09,DE,1704902633
417,ilare,7.3507,5.1133,36.29,13,2,0.25,NG,1704902633
418,kayangel,8.0823,134.7173,28.91,72,90,7.12,PW,1704902633
419,beyneu,45.3167,55.2,-3.53,70,100,6.08,KZ,1704902059
420,mount gambier,-37.8333,140.7667,12.87,98,14,1.5,AU,1704902034
421,greymouth,-42.4667,171.2,17.35,83,75,1.56,NZ,1704902464
422,kalianget,-7.05,113.9333,27.93,81,95,2.1,ID,1704902633
423,evinayong,1.4368,10.5512,24.54,81,32,1.93,GQ,1704902633
424,kandahar,31.0,65.75,9.65,40,0,1.22,AF,1704902633
425,palmer,42.1584,-72.3287,9.75,77,75,4.12,US,1704902100
426,mhamid,29.82,-5.72,21.81,19,0,3.68,MA,1704902634
427,jacmel,18.2342,-72.5347,31.91,50,1,1.63,HT,1704902634
428,jalai nur,49.45,117.7,-13.51,95,100,2.84,CN,1704902634
429,ambilobe,-13.2,49.05,25.0,90,100,0.52,MG,1704902634
430,kulhudhuffushi,6.6221,73.07,27.75,78,100,5.63,MV,1704902096
431,shirvan,39.9509,48.8994,2.0,98,100,2.86,AZ,1704902634
432,arraial do cabo,-22.9661,-42.0278,35.98,58,0,6.17,BR,1704902056
433,alaghsas,17.0187,8.0168,29.94,8,0,6.17,NE,1704902634
434,dedovichi,57.5517,29.9502,0.1,97,100,5.18,RU,1704902634
435,mountain home,43.133,-115.6912,-0.29,93,100,6.17,US,1704902635
436,baoshan,46.5586,131.4244,-13.8,90,100,1.44,CN,1704902635
437,zafar,40.9833,68.9,10.75,49,100,3.91,UZ,1704902635
438,biloela,-24.4167,150.5,22.91,90,100,1.59,AU,1704902635
439,vytegra,61.0064,36.4481,-9.8,95,100,4.02,RU,1704902635
440,at taj,24.2049,23.2857,14.42,18,6,4.53,LY,1704902636
441,dubovskoye,47.4092,42.7575,-4.36,90,99,7.65,RU,1704902636
442,campo gallo,-26.5833,-62.85,39.97,30,1,3.59,AR,1704902636
443,askim,59.5833,11.1629,-8.12,92,39,1.85,NO,1704902636
444,oltinko'l,40.8011,72.1634,9.17,43,100,0.77,UZ,1704902636
445,freetown,8.484,-13.2299,29.84,70,40,2.57,SL,1704902037
446,bardai,11.65,7.2333,30.44,6,0,5.26,NG,1704902636
447,vadso,70.0744,29.7487,-4.51,73,40,7.2,NO,1704902636
448,natal,-5.795,-35.2094,32.36,62,40,6.69,BR,1704902637
449,san patricio,28.017,-97.5169,17.91,43,58,4.91,US,1704902039
450,ca mau,9.1769,105.15,24.63,81,90,2.03,VN,1704902637
451,kruisfontein,-34.0033,24.7314,19.94,90,96,6.13,ZA,1704902637
452,devils lake,48.1128,-98.8651,-6.94,91,100,7.72,US,1704902365
453,bembereke,10.2283,2.6634,34.92,5,0,2.13,BJ,1704902637
454,el calafate,-50.3408,-72.2768,13.83,56,44,6.68,AR,1704902637
455,burutu,5.3509,5.5076,31.93,52,14,6.94,NG,1704902637
456,winschoten,53.1442,7.0347,-1.55,76,1,3.75,NL,1704902637
457,port augusta,-32.5,137.7667,22.3,54,0,5.29,AU,1704902056
458,northwood,40.4728,-83.7324,1.66,87,100,9.26,US,1704902638
459,walvis bay,-22.9575,14.5053,20.62,68,66,7.96,NA,1704902121
460,cam ranh,11.9214,109.1591,24.98,78,20,2.57,VN,1704902638
461,tosontsengel,48.7567,98.2839,-22.43,95,55,0.72,MN,1704902638
462,salekhard,66.53,66.6019,-28.77,98,99,3.83,RU,1704902514
463,frontino,6.7801,-76.1288,25.49,62,37,0.86,CO,1704902638
464,longgang,37.6508,120.3286,0.0,57,0,6.51,CN,1704902638
465,daru,-9.0763,143.2092,25.96,89,90,1.92,PG,1704902642
466,koprubasi,40.8086,40.1238,5.8,96,100,1.78,TR,1704902642
467,labuan,5.2767,115.2417,29.2,79,20,5.36,MY,1704902643
468,galle,6.0367,80.217,23.96,92,100,4.35,LK,1704902643
469,sao paulo de olivenca,-3.3783,-68.8725,24.93,94,100,1.04,BR,1704902643
470,santa rosa,14.3122,121.1114,27.99,86,63,4.41,PH,1704902375
471,torshalla,59.4167,16.4667,-0.62,91,61,3.36,SE,1704902643
472,hemsby,52.6971,1.6918,5.13,73,1,8.37,GB,1704902081
473,balnearia,-31.0088,-62.6673,23.47,90,100,1.63,AR,1704902644
474,tonghae,37.5439,129.1069,1.77,70,3,3.73,KR,1704902645
475,villa gesell,-37.2639,-56.973,22.81,50,6,6.66,AR,1704902060
476,arkhangel'sk,64.5401,40.5433,-9.37,100,40,2.0,RU,1704902645
477,sittwe,20.15,92.9,20.68,56,28,5.51,MM,1704902646
478,san julian,21.0167,-102.1667,14.43,44,100,5.19,MX,1704902646
479,kota kinabalu,5.9749,116.0724,25.99,94,20,0.0,MY,1704902644
480,okigwe,5.8352,7.3599,35.83,22,29,2.71,NG,1704902647
481,jieshi,22.8134,115.8257,16.25,81,1,7.51,CN,1704902406
482,ko lanta,7.5336,99.0865,26.57,80,49,6.88,TH,1704902647
483,padina,45.1181,20.7272,-4.68,92,52,1.14,RS,1704902648
484,durban,-29.8579,31.0292,27.51,91,100,3.73,ZA,1704902579
485,levuka,50.1834,-105.4011,-18.1,78,100,8.75,CA,1704902083
486,castanos,26.7833,-101.4167,16.08,30,75,3.6,MX,1704902050
487,shahrisabz,39.0578,66.8342,11.64,34,100,3.17,UZ,1704902648
488,chipurupalle,18.3,83.5667,20.32,80,53,0.51,IN,1704902649
489,hornostayivka,47.0078,33.729,-1.33,85,93,4.16,UA,1704902650
490,port hedland,-20.3167,118.5667,31.03,66,25,7.72,AU,1704902650
491,humaita,-7.5061,-63.0208,29.13,67,100,0.67,BR,1704902650
492,abra pampa,-22.7205,-65.697,20.9,31,27,5.72,AR,1704902651
493,velikiy ustyug,60.7644,46.3106,-19.26,100,96,2.11,RU,1704902651
494,timimoun,29.2639,0.231,21.21,12,0,1.54,DZ,1704902108
495,palu,-0.8917,119.8707,25.0,97,76,0.71,ID,1704902651
496,juan griego,11.0817,-63.9655,28.39,70,26,6.83,VE,1704902652
497,rio grande,-32.035,-52.0986,28.06,81,100,3.43,BR,1704902006
498,bandar abbas,27.1865,56.2808,20.99,64,23,2.06,IR,1704902652
499,ezhva,61.8128,50.7283,-25.59,83,0,2.0,RU,1704902652
500,ofunato,39.0717,141.7167,-1.96,58,1,2.64,JP,1704902652
501,jumla,29.2747,82.1838,3.07,32,0,2.07,NP,1704902092
502,igarka,67.4667,86.5833,-26.34,96,95,5.25,RU,1704902121
503,pittsfield,42.4501,-73.2454,7.7,76,75,7.2,US,1704902571
504,mugia,43.1041,-9.2179,11.06,78,99,7.85,ES,1704902653
505,chilliwack,49.1747,-121.9443,3.77,95,100,1.54,CA,1704902653
506,guiren,33.6697,118.1889,0.75,55,0,3.19,CN,1704902653
507,saint-philippe,-21.3585,55.7679,26.77,82,75,5.51,RE,1704902653
508,portland,45.5234,-122.6762,3.75,95,100,2.68,US,1704902201
509,mitchell,43.7094,-98.0298,-7.01,79,100,3.09,US,1704902654
510,cockburn town,21.4612,-71.1419,25.9,84,99,7.68,TC,1704901855
511,kosum phisai,16.2486,103.0674,28.51,50,0,4.37,TH,1704902654
512,copala,16.65,-98.9833,27.02,55,100,0.7,MX,1704902654
513,burao,9.5221,45.5336,18.27,59,3,5.47,SO,1704902655
514,opuwo,-18.0607,13.84,31.01,17,32,5.68,NA,1704902655
515,fort collins,40.5853,-105.0844,2.09,28,0,9.83,US,1704902655
516,sanctuary point,-35.1114,150.629,22.64,96,7,2.16,AU,1704902656
517,mariehamn,60.0973,19.9348,2.92,70,0,4.63,AX,1704902656
518,leh,34.1667,77.5833,-6.54,36,0,1.74,IN,1704902656
519,verkhnevilyuysk,63.4453,120.3167,-33.03,97,100,2.04,RU,1704902095
520,tazacorte,28.629,-17.9293,23.42,71,20,3.09,ES,1704902657
521,pitkyaranta,61.5734,31.4792,-1.94,99,100,5.38,RU,1704902657
522,celendin,-6.8703,-78.1517,18.29,64,61,2.14,PE,1704902657
523,douglas,41.3,-96.167,-5.9,83,0,6.69,US,1704902407
524,arzgir,45.3728,44.2206,-3.25,67,16,9.13,RU,1704902658
525,margate,51.3813,1.3862,3.82,66,32,2.24,GB,1704902061
526,zouerate,22.7187,-12.4521,27.68,12,0,4.32,MR,1704902658
527,harstad,68.799,16.5293,-0.34,96,100,11.18,NO,1704902113
528,kaoma,-14.7833,24.8,22.0,86,96,0.91,ZM,1704902658
529,cova figueira,14.8905,-24.2934,21.91,62,0,4.58,CV,1704902658
530,bodaybo,57.8506,114.1933,-16.26,92,100,2.87,RU,1704902658
531,puerto baquerizo moreno,-0.9,-89.6,27.55,83,40,4.12,EC,1704902095
532,zemetchino,53.4973,42.6163,-20.62,100,10,1.8,RU,1704902659
533,pisco,-13.7,-76.2167,25.03,73,0,4.63,PE,1704902659
534,comodoro rivadavia,-45.8667,-67.5,16.92,42,0,8.23,AR,1704902488
535,barkhan,29.8977,69.5256,10.93,26,0,1.44,PK,1704902660
536,urcos,-13.6861,-71.6228,20.94,51,99,2.54,PE,1704902660
537,lokot',52.565,34.5776,-6.76,94,99,1.7,RU,1704902660
538,great falls,47.5002,-111.3008,-11.75,73,100,3.6,US,1704902661
539,tuba city,36.135,-111.2399,0.43,53,21,1.42,US,1704902661
540,ellon,57.3641,-2.0731,5.29,93,75,3.6,GB,1704902661
541,fereydun kenar,36.6864,52.5225,10.48,82,100,3.74,IR,1704902662
542,ceeldheer,3.8488,47.1806,25.68,70,17,11.1,SO,1704902662
543,nong chik,6.8436,101.178,24.8,90,54,3.66,TH,1704902662
544,shimoda,34.6667,138.95,7.28,76,98,10.24,JP,1704902662
545,taro,-8.3862,115.28,25.0,91,89,0.84,ID,1704902096
546,saint-louis,16.3333,-15.0,33.8,7,100,0.89,SN,1704902663
547,vernon,50.2581,-119.2691,-1.26,64,100,2.06,CA,1704902663
548,bengkulu,-3.8004,102.2655,24.65,89,100,1.64,ID,1704902105
549,nadym,65.5333,72.5167,-21.68,98,100,5.72,RU,1704902664
550,merizo village,13.2658,144.6691,26.85,89,78,4.52,GU,1704902664
551,kyzyl-suu,42.3414,78.0056,-0.6,58,77,4.62,KG,1704902664
552,aleksandrovsk-sakhalinskiy,50.8975,142.1561,-27.46,91,8,1.75,RU,1704902664
553,lashio,22.9333,97.75,10.3,72,1,0.86,MM,1704902664
554,ingeniero guillermo n. juarez,-23.9,-61.85,41.41,25,53,7.42,AR,1704902664
555,antofagasta,-23.65,-70.4,22.6,67,62,4.88,CL,1704902141
556,guerrero negro,27.9769,-114.0611,16.19,69,100,6.9,MX,1704902460
557,tortoli,39.9256,9.6572,11.3,68,100,1.27,IT,1704902665
558,huilong,31.8111,121.655,2.13,69,1,2.26,CN,1704902665
559,ha'il,27.5219,41.6907,21.01,32,0,2.06,SA,1704902072
560,noumea,-22.2763,166.4572,27.22,99,99,2.71,NC,1704902665
561,ndele,8.4109,20.6473,32.87,12,0,2.51,CF,1704902665
562,warmbad,-28.45,18.7333,31.0,17,0,9.39,NA,1704902666
563,yuli,9.6989,10.2744,33.55,4,0,3.4,NG,1704902666
564,lucas,41.6501,-83.6666,2.98,85,100,8.23,US,1704902666
565,horta,38.5333,-28.6333,15.8,90,75,8.23,PT,1704902666
566,alamosa,37.4695,-105.87,-16.01,85,40,2.06,US,1704902581
567,kuhdasht,33.535,47.6061,7.57,44,22,1.73,IR,1704902666
568,bac lieu,9.285,105.7244,25.34,83,29,6.1,VN,1704902668
569,dolores,-36.3132,-57.6792,27.9,48,10,4.15,AR,1704902668
570,patigi,8.7333,5.75,38.11,8,0,0.96,NG,1704902668
571,maragogi,-9.0122,-35.2225,29.58,63,47,5.34,BR,1704902669
572,city of balikpapan,-1.242,116.8942,27.97,83,20,4.12,ID,1704902669
573,sao vicente,-23.9631,-46.3919,35.1,66,20,4.12,BR,1704902508
574,loreto,22.2667,-101.9667,12.25,43,100,7.75,MX,1704902669
575,bamboo flat,11.7,92.7167,24.05,94,40,1.03,IN,1704902670
576,machico,32.7,-16.7667,21.51,85,40,4.12,PT,1704902670
577,malabar,-33.9667,151.25,23.84,88,100,0.0,AU,1704902670
578,alofi,-19.0595,-169.9187,27.45,76,95,2.04,NU,1704902073
579,rawlins,41.7911,-107.2387,-8.69,78,71,9.53,US,1704902671
580,tchintabaraden,15.8969,5.7985,31.1,8,18,5.65,NE,1704902672
